{"cameraMode":{"drawMode":0,"name":"Shaded","section":"Shading Mode"},"sceneLighting":false,"audioPlay":false,"sceneViewState":{"m_AlwaysRefresh":false,"showFog":true,"showSkybox":false,"showFlares":true,"showImageEffects":true,"showParticleSystems":true,"showVisualEffectGraphs":true,"m_FxEnabled":false},"in2DMode":false,"pivot":{"x":4.520000457763672,"y":0.17999982833862306,"z":-10.829999923706055},"rotation":{"x":0.48066073656082156,"y":0.09825517982244492,"z":-0.0543036013841629,"w":0.8696913719177246},"size":12.12435531616211,"orthographic":false}