{"cameraMode":{"drawMode":0,"name":"Shaded","section":"Shading Mode"},"sceneLighting":false,"audioPlay":false,"sceneViewState":{"m_AlwaysRefresh":false,"showFog":true,"showSkybox":true,"showFlares":true,"showImageEffects":true,"showParticleSystems":true,"showVisualEffectGraphs":true,"m_FxEnabled":false},"in2DMode":false,"pivot":{"x":3.0848751068115236,"y":-2.999999761581421,"z":-3.301581382751465},"rotation":{"x":0.19815343618392945,"y":0.24973295629024507,"z":-0.05228840932250023,"w":0.9463828206062317},"size":5.2131733894348148,"orthographic":false}