{"cameraMode":{"drawMode":0,"name":"Shaded","section":"Shading Mode"},"sceneLighting":false,"audioPlay":false,"sceneViewState":{"m_AlwaysRefresh":false,"showFog":true,"showSkybox":false,"showFlares":true,"showImageEffects":true,"showParticleSystems":true,"showVisualEffectGraphs":true,"m_FxEnabled":false},"in2DMode":false,"pivot":{"x":-3.2242603302001955,"y":0.17424094676971436,"z":-1.0413908958435059},"rotation":{"x":0.48066073656082156,"y":0.09825517982244492,"z":-0.0543036013841629,"w":0.8696913719177246},"size":2.6423463821411135,"orthographic":false}