{"cameraMode":{"drawMode":0,"name":"Shaded","section":"Shading Mode"},"sceneLighting":false,"audioPlay":false,"sceneViewState":{"m_AlwaysRefresh":false,"showFog":true,"showSkybox":false,"showFlares":true,"showImageEffects":true,"showParticleSystems":true,"showVisualEffectGraphs":true,"m_FxEnabled":false},"in2DMode":false,"pivot":{"x":-0.04279240965843201,"y":-0.046836674213409427,"z":0.3902983069419861},"rotation":{"x":-0.005809072870761156,"y":0.9941260814666748,"z":-0.0705115869641304,"w":-0.08190082013607025},"size":0.34226152300834658,"orthographic":false}